KEGG,Human Metabolome Database,InChIKey,Score
"C00058","HMDB0000142","BDAGIHXWWSANSR-UHFFFAOYSA-N","1"
"C00033","HMDB0000042","QTBSBXVTEAMEQO-UHFFFAOYSA-N","1"
"C00163","HMDB0000237","XBDQKXXYIPTUBI-UHFFFAOYSA-N","1"
"C00246","HMDB0000039","FERIUCNNQQJTOY-UHFFFAOYSA-N","1"
"C00803","HMDB0000892","NQPDZGIKBAWPEJ-UHFFFAOYSA-N","1"
"C01585","HMDB0000535
HMDB0061883","FUZZWVXGSFPDMH-UHFFFAOYSA-N","1"
"C17714","HMDB0000666","MNWFXJYAOYHMED-UHFFFAOYSA-N","1"
"C06423","HMDB0000482
HMDB0062511","WWZKQHOCKIZLMA-UHFFFAOYSA-N","1"
"C00209","HMDB0002329","MUBZPKHOEPUJKR-UHFFFAOYSA-N","1"
"C00383","HMDB0000691","OFOBLEOULBTSOW-UHFFFAOYSA-N","1"
"C00042","HMDB0000254","KDYFGRWQOYBRFD-UHFFFAOYSA-N","1"
"C00489","HMDB0000661","JFCQEDHGNNZCLN-UHFFFAOYSA-N","1"
"C06104","HMDB0000448","WNLRTRBMVRJNCN-UHFFFAOYSA-N","1"
"C02656","HMDB0000857","WLJVNTCWHIRURA-UHFFFAOYSA-N","1"
"C08278","HMDB0000893","TYFQFVWCELRYAO-UHFFFAOYSA-N","1"
"C00158","HMDB0000094","KRKNYBCHXYNGOX-UHFFFAOYSA-N","1"
"C00311","HMDB0000193","ODBLHEXUDAPZAU-UHFFFAOYSA-N","1"
"C00417","HMDB0000072","GTZCVFVGUGFEME-IWQZZHSRSA-N","1"
"C02341","HMDB0000958","GTZCVFVGUGFEME-HNQUOIGGSA-N","1"
"C00048","HMDB0000119","HHLFWLYXYJOTON-UHFFFAOYSA-N","1"
"C00022","HMDB0000243","LCTONWCANYUPML-UHFFFAOYSA-N","1"
"C00109","HMDB0000005","TYEYBOSBBBHJIV-UHFFFAOYSA-N","1"
"C06255","HMDB0001865","KDVFRMMRZOCFLS-UHFFFAOYSA-N","1"
"C00902","HMDB0001864","XNIHZNNZJHYHLC-UHFFFAOYSA-N","1"
"C00036","HMDB0000223","KHPXUQMNIQBQEV-UHFFFAOYSA-N","1"
"C00026","HMDB0000208","KPGXRSRHYNQIFN-UHFFFAOYSA-N","1"
"C00322","HMDB0000225","FGSBNBBHOZHUBO-UHFFFAOYSA-N","1"
"C16588","No result","HABHUTWTLGRDDU-UHFFFAOYSA-N","1"
"C16589","No result","HAGOOZVJLSSXGZ-UHFFFAOYSA-N","1"
"C00141","HMDB0000019","QHKABHOOEWYVLI-UHFFFAOYSA-N","1"
"C00233","HMDB0000695","BKAJNAXTPSGJCU-UHFFFAOYSA-N","1"
"C00671","No result","JVQYSWDUAOAHFM-BYPYZUCNSA-N","1"
"C00222","HMDB0011111","OAKURXIZZOAYBC-UHFFFAOYSA-N","1"
"C00164","HMDB0000060","WDJHALXBUFZDSR-UHFFFAOYSA-N","1"
"C00232","HMDB0001259","UIUJIQZEACWQSV-UHFFFAOYSA-N","1"
"C00186","HMDB0000190","JVTAAEKCZFNVCJ-REOHCLBHSA-N","1"
"C00149","HMDB0000156","BJEPYKJPYRNKOW-REOHCLBHSA-N","1"
"C01013","HMDB0000700","ALRHLSYJTWAHJZ-UHFFFAOYSA-N","1"
"C01089","HMDB0000011","WHBMMWSBFZVSSR-GSVOUGTGSA-N","1"
"C00989","HMDB0000710","SJZRECIVHVDYJC-UHFFFAOYSA-N","1"
"C00246","HMDB0000039","FERIUCNNQQJTOY-UHFFFAOYSA-N","1"
"C01585","HMDB0000535
HMDB0061883","FUZZWVXGSFPDMH-UHFFFAOYSA-N","1"
"C06423","HMDB0000482
HMDB0062511","WWZKQHOCKIZLMA-UHFFFAOYSA-N","1"
"C01571","HMDB0000511","GHVNFZFCNZKVNT-UHFFFAOYSA-N","1"
"C02679","HMDB0000638","POULHZVOKOAJMA-UHFFFAOYSA-N","1"
"C06424","HMDB0000806","TUNFSRHWOTWDNC-UHFFFAOYSA-N","1"
"C00249","HMDB0000220","IPCSVZSSVZVIGE-UHFFFAOYSA-N","1"
"C01530","HMDB0000827","QIQXTHQIDYTFRH-UHFFFAOYSA-N","1"
"C06425","HMDB0002212","VKOBVWXKNCXXDE-UHFFFAOYSA-N","1"
"C08281","HMDB0000944","UKMSUNONTOPOIO-UHFFFAOYSA-N","1"
"C08320","HMDB0002003","QZZGJDVWLFXDLK-UHFFFAOYSA-N","1"
"C08362","HMDB0003229","SECPZKHBENQXJG-FPLPWBNLSA-N","1"
"C00712","HMDB0000207
HMDB0000573","ZQPPMHVWECSIRJ-KTKRTIGZSA-N","1"
"C01712","No result","ZQPPMHVWECSIRJ-MDZDMXLPSA-N","1"
"C16526","HMDB0002231","BITHHVVYSMSWAG-KTKRTIGZSA-N","1"
"C08316","HMDB0002068","DPUOLQHDNGRHBS-KTKRTIGZSA-N","1"
"C08323","HMDB0002368","GWHCXVQVJPWHRF-KTKRTIGZSA-N","1"
"C01595","HMDB0000673","OYHQOLUKZRVURQ-HZJYTTRNSA-N","1"
"C16525","HMDB0005060","XSXIVVZCUAHUJO-HZJYTTRNSA-N","1"
"C16533","HMDB0062219","HVGRZDASOHMCSK-HZJYTTRNSA-N","1"
"C06426","HMDB0003073","VZCCETWTMQHEPK-QNEBEIHSSA-N","1"
"C06427","HMDB0001388","DTOSIQBPPRVQHS-PDBXOOCHSA-N","1"
"C00219","HMDB0001043
HMDB0060102","YZXBAPSDXZZRGB-DOFZRALJSA-N","1"
"C06428","HMDB0001999","JAZBEHYOTPTENJ-JLNKQSITSA-N","1"
"C06429","HMDB0002183","MBMBGCFOFBJSGT-KUBAVDMBSA-N","1"
"C01885","No result","","0"
"C02112","No result","","0"
"C00641","No result","","0"
"C06437","No result","","0"
"C00422","No result","","0"
"C00416","No result","","0"
"C00350","No result","","0"
"C00157","No result","","0"
"C02737","No result","","0"
"C01194","No result","","0"
"C04230","No result","","0"
"C04756","No result","","0"
"C00958","No result","","0"
"C00344","No result","","0"
"C05980","No result","","0"
"C00550","No result","","0"
"C03692","No result","","0"
"C06037","No result","","0"
"C20825","No result","","0"
"C01190","No result","","0"
"C02686","No result","","0"
"C01290","No result","","0"
"C04911","No result","","0"
"C04884","No result","","0"
"C04730","No result","","0"
"C06125","No result","","0"
"C04685","No result","BGKHCLZFGPIKKU-BGEXMHJYSA-N","1"
"C05953","No result","MYHXHCUNDDAEOZ-FOSBLDSVSA-N","1"
"C00959","HMDB0002982","YBHMPNRDOVPQIN-VSOYFRJCSA-N","1"
"C05954","No result","PRFXRIUZNKLRHM-HKVRTXJWSA-N","1"
"C04686","HMDB0060104","PUIBPGHAXSCVRF-QHFGJBOXSA-N","1"
"C05955","HMDB0060095","CMBOTAQMTNMTBD-KLASNZEFSA-N","1"
"C06438","HMDB0005102","CIMMACURCPXICP-PNQRDDRVSA-N","1"
"C00696","HMDB0001403","BHMBVRSPMRCCGG-OUTUXVNYSA-N","1"
"C04741","HMDB0001442","GMVPRGQOIOIIMI-DWKJAMRDSA-N","1"
"C00584","HMDB0001220","XEYBRNLFEZDVAW-ARSRFYASSA-N","1"
"C06439","HMDB0002664","CBOMORHDRONZRN-QLOYDKTKSA-N","1"
"C06475","HMDB0002685","DZUXGQBLFALXCR-CDIPTNKSSA-N","1"
"C00639","No result","PXGPLTODNUVGFL-YNNPMVKQSA-N","1"
"C02314","HMDB0001483","PXGPLTODNUVGFL-JZFBHDEDSA-N","1"
"C06476","HMDB0002122","SAKGBZWJAIABSY-SAMSIYEGSA-N","1"
"C05956","HMDB0003235","SGUKUZOVHSFKPH-YNNPMVKQSA-N","1"
"C00427","HMDB0001381","YIBNHAJFJUQSRA-YNNPMVKQSA-N","1"
"C01312","HMDB0001335","KAQKFAOMNZTLHT-OZUDYXHBSA-N","1"
"C05957","HMDB0002710","UQOQENZZLBSFKO-POPPZSFYSA-N","1"
"C00909","HMDB0001337","UFPQIRYSPUYQHK-WAQVJNLQSA-N","1"
"C02165","HMDB0001085","VNYSSYRCGWBHLG-AMOLWHMGSA-N","1"
"C02166","HMDB0001198","GWNVDXQDILPJIG-NXOLIXFESA-N","1"
"C05951","No result","YEESKJGWJFYOOK-IJHYULJSSA-N","1"
"C05952","No result","OTZRAYGBFWZKMX-FRFVZSDQSA-N","1"
"C06462","HMDB0006465","PYSODLWHFWCFLV-VJBFNVCUSA-N","1"
"C05356","HMDB0001193","JNUUNUQHXIOFDA-JGKLHWIESA-N","1"
"C02198","HMDB0001452","DSNBHJFQCNUKMA-SCKDECHMSA-N","1"
"C05963","No result","XNRNNGPBEPRNAR-VTCRGFIFSA-N","1"
"C05964","No result","KJYIVXDPWBUJBQ-UHHGALCXSA-N","1"
"C00577","No result","MNQZXJOMYWMBOU-VKHMYHEASA-N","1"
"C02426","No result","MNQZXJOMYWMBOU-GSVOUGTGSA-N","1"
"C01796","HMDB0002649","FMAORJIQYMIRHF-HERZVMAMSA-N","1"
"C06463","No result","FMAORJIQYMIRHF-BCDHYOAOSA-N","1"
"C00216","No result","SRBFZHDQGSBBOR-ZRMNMSDTSA-N","1"
"C00259","HMDB0000646","SRBFZHDQGSBBOR-HWQSCIPKSA-N","1"
"C00181","HMDB0000098
HMDB0060254","SRBFZHDQGSBBOR-IOVATXLUSA-N","1"
"C01510","No result","HMFHBZSHGGEWLO-CZBDKTQLSA-N","1"
"C00476","No result","SRBFZHDQGSBBOR-AGQMPKSLSA-N","1"
"C01508","No result","SRBFZHDQGSBBOR-AEQNFAKKSA-N","1"
"C00121","HMDB0000283","HMFHBZSHGGEWLO-SOOFDHNKSA-N","1"
"C00031","HMDB0000122","WQZGKKKJIJFFOK-GASJEMHNSA-N","1"
"C00124","No result","WQZGKKKJIJFFOK-SVZMEOIVSA-N","1"
"C01825","No result","WQZGKKKJIJFFOK-DHVFOXMCSA-N","1"
"C00159","HMDB0000169","WQZGKKKJIJFFOK-QTVWNMPRSA-N","1"
"C01487","No result","WQZGKKKJIJFFOK-IVMDWMLBSA-N","1"
"C06464","No result","WQZGKKKJIJFFOK-RSVSWTKNSA-N","1"
"C06465","No result","WQZGKKKJIJFFOK-CBPJZXOFSA-N","1"
"C15923","HMDB0012326","WQZGKKKJIJFFOK-QRXFDPRISA-N","1"
"C06466","No result","WQZGKKKJIJFFOK-YIDFTEPTSA-N","1"
"C06467","No result","WQZGKKKJIJFFOK-WHZQZERISA-N","1"
"C06474","No result","WZYRMLAWNVOIEX-BGPJRJDNSA-N","1"
"C06478","No result","WZYRMLAWNVOIEX-SLPGGIOYSA-N","1"
"C00184","HMDB0001882","RXKJFZQQPQGTFL-UHFFFAOYSA-N","1"
"C02022","No result","UQPHVQVXLPRNCX-GSVOUGTGSA-N","1"
"C02045","HMDB0006293","UQPHVQVXLPRNCX-VKHMYHEASA-N","1"
"C00309","No result","LQXVFWRQNMEDEE-ZZKAVYKESA-N","1"
"C00508","No result","LQXVFWRQNMEDEE-QRHDOFTISA-N","1"
"C00310","HMDB0003371","LQXVFWRQNMEDEE-OVEKKEMJSA-N","1"
"C00312","No result","LQXVFWRQNMEDEE-PYHARJCCSA-N","1"
"C00095","No result","RFSUNEUAIZKAJO-VRPWFDPXSA-N","1"
"C01719","No result","RFSUNEUAIZKAJO-NSHGFSBMSA-N","1"
"C00764","No result","LKDRXBCSQODPBY-IANNHFEVSA-N","1"
"C00247","No result","LKDRXBCSQODPBY-AMVSKUEXSA-N","1"
"C00795","No result","LKDRXBCSQODPBY-OEXCPVAWSA-N","1"
"C06468","No result","LKDRXBCSQODPBY-JDJSBBGDSA-N","1"
"C02076","No result","HAIWUXASLYEWLM-QTSLKERKSA-N","1"
"C19612","No result","INYHXAFWZQXELF-FNKGTGPASA-N","1"
"C01801","No result","PDWIQYODPROSQH-PYHARJCCSA-N","1"
"C01018","No result","SHZGCJCMOBCMKK-SVZMEOIVSA-N","1"
"C01019","HMDB0000174","SHZGCJCMOBCMKK-DHVFOXMCSA-N","1"
"C01684","No result","SHZGCJCMOBCMKK-PQMKYFCFSA-N","1"
"C00507","HMDB0000849","SHZGCJCMOBCMKK-JFNONXLTSA-N","1"
"C00586","No result","PMMURAAUARKVCB-CERMHHMHSA-N","1"
"C02522","No result","SHZGCJCMOBCMKK-GASJEMHNSA-N","1"
"C02781","HMDB0012327","PMMURAAUARKVCB-DUVQVXGLSA-N","1"
"C06471","No result","KYPWIZMAJMNPMJ-JDJSBBGDSA-N","1"
"C00329","No result","MSWZFWKMSRAUBD-IVMDWMLBSA-N","1"
"C02262","No result","MSWZFWKMSRAUBD-GASJEMHNSA-N","1"
"C03570","No result","MSWZFWKMSRAUBD-CBPJZXOFSA-N","1"
"C15478","No result","TVTGZVYLUHVBAJ-GASJEMHNSA-N","1"
"C15479","No result","TVTGZVYLUHVBAJ-IVMDWMLBSA-N","1"
"C06469","No result","CERZMXAJYMMUDR-QBTAGHCHSA-N","1"
"C06470","No result","MSFSPUZXLOGKHJ-PGYHGBPZSA-N","1"
"C00140","No result","OVRNDRQMDRJTHS-RTRLPJTCSA-N","1"
"C01132","No result","OVRNDRQMDRJTHS-KEWYIRBNSA-N","1"
"C00645","HMDB0001129","OVRNDRQMDRJTHS-ZTVVOAFPSA-N","1"
"C15480","No result","XOCCAGJZGBCJME-IANFNVNHSA-N","1"
"C15481","No result","XOCCAGJZGBCJME-ZQLGFOCFSA-N","1"
"C00270","No result","SQVRNKJHWKZAKO-LUWBGTNYSA-N","1"
"C02713","HMDB0060493","MNLRQHMNZILYPY-MKFCKLDKSA-N","1"
"C03525","No result","BJOZNDRNJJZHPZ-LUWBGTNYSA-N","1"
"C03410","HMDB0062502","FDJKUWYYUZCUJX-PGIATKPXSA-N","1"
"C00905","No result","PTCIWUZVDIQTOW-XDJBDKDSSA-N","1"
"C00558","No result","PTCIWUZVDIQTOW-QNZBUJBTSA-N","1"
"C00191","No result","AEMOLEFTQBMNLQ-AQKNRBDQSA-N","1"
"C00333","No result","AEMOLEFTQBMNLQ-YMDCURPLSA-N","1"
"C02024","No result","AEMOLEFTQBMNLQ-VANFPWTGSA-N","1"
"C06472","No result","AEMOLEFTQBMNLQ-HNFCZKTMSA-N","1"
"C06477","No result","AEMOLEFTQBMNLQ-GPGIQTIDSA-N","1"
"C00257","HMDB0000625","RGHNJXZEOKUKBD-SQOUGZDYSA-N","1"
"C03752","No result","UFYKDFXCZBTLOO-TXICZTDVSA-N","1"
"C06473","No result","VBUYCZFBVCCYFD-JJYYJPOSSA-N","1"
"C01187","No result","KYQCXUMVJGMDNG-SHUUEZRQSA-N","1"
"C00116","HMDB0000131","PEDCQBHIVMGVHV-UHFFFAOYSA-N","1"
"C00379","No result","HEBKCHPVOIAQTA-SCDXWVJYSA-N","1"
"C00794","HMDB0000247","FBPFZTCFMRRESA-JGWLITMVSA-N","1"
"C00392","HMDB0000765","FBPFZTCFMRRESA-KVTDHHQDSA-N","1"
"C00137","HMDB0000211","CDAISMWEOUEBRE-GPIVLXJGSA-N","1"
"C00089","HMDB0000258
HMDB0125600","CZMRCDWAGMRECN-UGDNZRGBSA-N","1"
"C00243","No result","GUBGYTABKSRVRQ-QKKXKWKRSA-N","1"
"C00208","No result","GUBGYTABKSRVRQ-PICCSMPSSA-N","1"
"C01083","HMDB0000975
HMDB0029880","HDTRYLNUVZCQOY-LIZSDCNHSA-N","1"
"C00185","No result","GUBGYTABKSRVRQ-CUHNMECISA-N","1"
"C19632","HMDB0011742","PZDOWFGHCNHPQD-OQPGPFOOSA-N","1"
"C01518","No result","QIGJYVCQYDKYDW-NSYYTRPSSA-N","1"
"C00252","HMDB0002923","DLRVVLDZNNYCBX-RTPHMHGBSA-N","1"
"C08250","No result","HIWPGCMGAMJNRG-BTLHAWITSA-N","1"
"C02048","No result","QIGJYVCQYDKYDW-LCOYTZNXSA-N","1"
"C08240","No result","DLRVVLDZNNYCBX-LIZSDCNHSA-N","1"
"C19636","HMDB0011740","RULSWEULPANCDV-PIXUTMIVSA-N","1"
"C19633","No result","PFCRQPBOOFTZGQ-RGXJTGTOSA-N","1"
"C01742","No result","PVXPPJIGRGXGCY-TZLCEDOOSA-N","1"
"C19635","No result","XAVVYCXXDSHXNS-ULUQPUQLSA-N","1"
"C01728","No result","DLRVVLDZNNYCBX-ONPLHCRPSA-N","1"
"C05402","HMDB0000048","DLRVVLDZNNYCBX-ABXHMFFYSA-N","1"
"C06372","No result","HMQPEDMEOBLSQB-RPHKZZMBSA-N","1"
"C19634","No result","RJPPRBMGVWEZRR-IYDDCBTQSA-N","1"
"C08247","No result","OVVGHDNPYGTYIT-BNXXONSGSA-N","1"
"C01625","No result","QYNRIDLOTGRNML-ULAALWPKSA-N","1"
"C01630","No result","LGQKSQQRKHFMLI-WSNPFVOISA-N","1"
"C06371","HMDB0006566","AXQLFFDZXPOFPO-FSGZUBPKSA-N","1"
"G10481","No result","","0"
"G10495","No result","","0"
"G04981","No result","","0"
"G10483","No result","","0"
"G10536","No result","","0"
"G11610","No result","","0"
"G11603","No result","","0"
"G10591","No result","","0"
"G11598","No result","","0"
"G11599","No result","","0"
"G11622","No result","","0"
"G11623","No result","","0"
"G11619","No result","","0"
"G11624","No result","","0"
"G11334","No result","","0"
"G10505","No result","","0"
"G10593","No result","","0"
"C00147","HMDB0000034","GFFGJBXGBJISGV-UHFFFAOYSA-N","1"
"C00242","HMDB0000132","UYTPUPDQBNUYGX-UHFFFAOYSA-N","1"
"C00106","HMDB0000300","ISAKRJDGNUQOIC-UHFFFAOYSA-N","1"
"C00178","HMDB0000262","RWQNBRDOKXIBIV-UHFFFAOYSA-N","1"
"C00380","HMDB0000630","OPTASPLRGRRNAP-UHFFFAOYSA-N","1"
"C00212","HMDB0000050","OIRDTQYFTABQOQ-KQYNXXCUSA-N","1"
"C00387","HMDB0000133","NYHBQMYGNKIUIF-UUOKFMHZSA-N","1"
"C00299","HMDB0000296","DRTQHJPVMGBUCF-XVFCMESISA-N","1"
"C00475","HMDB0000089","UHDGCWIWMRVCDJ-XVFCMESISA-N","1"
"C00559","HMDB0000101","OLXZPDWKRNYJJZ-RRKCRQDMSA-N","1"
"C00330","HMDB0000085","YKBGVTZYEHREMT-KVQBGUIXSA-N","1"
"C00526","HMDB0000012","MXHRCPNRJAMMIM-SHYZEUOFSA-N","1"
"C00214","HMDB0000273","IQFYYKKMVGJFEH-XLPZGREQSA-N","1"
"C00881","HMDB0000014","CKTSBUTUHBMZGZ-SHYZEUOFSA-N","1"
"C00020","HMDB0000045","UDMBCSSLTHHNCD-KQYNXXCUSA-N","1"
"C00008","HMDB0001341","XTWYTFMLZFPYCI-KQYNXXCUSA-N","1"
"C00002","HMDB0000538","ZKHQWZAMYRWXGA-KQYNXXCUSA-N","1"
"C00144","HMDB0001397","RQFCJASXJCIDSX-UUOKFMHZSA-N","1"
"C00035","HMDB0001201","QGWNDRXFNXRZMB-UUOKFMHZSA-N","1"
"C00044","HMDB0001273","XKMLYUALXHKNFT-UUOKFMHZSA-N","1"
"C00105","HMDB0000288","DJJCXFVJDGTHFX-XVFCMESISA-N","1"
"C00015","HMDB0000295","XCCTYIAWTASOJW-XVFCMESISA-N","1"
"C00075","HMDB0000285","PGAVKCOVUIYSFO-XVFCMESISA-N","1"
"C00055","HMDB0000095","IERHLVCPSMICTF-XVFCMESISA-N","1"
"C00112","HMDB0001546","ZWIADYZPOWUWEW-XVFCMESISA-N","1"
"C00063","HMDB0000082","PCDQPRRSZKQHHS-XVFCMESISA-N","1"
"C00360","HMDB0000905","KHWCHTKSEGGWEX-RRKCRQDMSA-N","1"
"C00206","No result","DAEAPNUQQAICNR-RRKCRQDMSA-N","1"
"C00131","HMDB0001532","SUYVUBYJARFZHO-RRKCRQDMSA-N","1"
"C00362","HMDB0001044","LTFMZDNNPPEQNG-KVQBGUIXSA-N","1"
"C00361","HMDB0000960","CIKGWCTVFSRMJU-KVQBGUIXSA-N","1"
"C00286","HMDB0001440","HAAZLUGHYHWQIW-KVQBGUIXSA-N","1"
"C00365","HMDB0001409","JSRLJPSBLDHEIO-SHYZEUOFSA-N","1"
"C01346","HMDB0001000","QHWZTVCCBMIIKE-SHYZEUOFSA-N","1"
"C00460","HMDB0001191","AHCYMLUZIRLXAA-SHYZEUOFSA-N","1"
"C00364","HMDB0001227","GYOZYWVXFNDGLU-XLPZGREQSA-N","1"
"C00363","HMDB0001274","UJLXYODCHAELLY-XLPZGREQSA-N","1"
"C00459","HMDB0001342","NHVNXKFIZYSCEB-XLPZGREQSA-N","1"
"C00239","HMDB0001202","NCMVOABPESMRCP-SHYZEUOFSA-N","1"
"C00705","HMDB0001245","FTDHDKPUHBLBTL-SHYZEUOFSA-N","1"
"C00458","HMDB0000998","RGWHQCVHVJXOKC-SHYZEUOFSA-N","1"
"C00575","HMDB0000058","IVOMOUWHDPKRLL-KQYNXXCUSA-N","1"
"C00942","HMDB0001314","ZOOGRGPOEVQQDX-UUOKFMHZSA-N","1"
"C00943","No result","DMJWGQPYNRPLGA-KQYNXXCUSA-N","1"
"C00968","No result","MKMZAENVDZADSW-RRKCRQDMSA-N","1"
"C02507","No result","YAUQFBMBBHFWIR-KVQBGUIXSA-N","1"
"C00941","No result","WCPTXJJVVDAEMW-XVFCMESISA-N","1"
"C02353","No result","KMYWVDDIPVNLME-KQYNXXCUSA-N","1"
"C06194","HMDB0011629","UASRYODFRYWBRC-UUOKFMHZSA-N","1"
"C02354","No result","NMPZCCZXCOMSDQ-XVFCMESISA-N","1"
"C02355","HMDB0011640","HWDMHJDYMFRXOX-XVFCMESISA-N","1"
"C01262","HMDB0000194","MYYIAHXIVFADCU-QMMMGPOBSA-N","1"
"C00386","HMDB0000033","CQOVPNPJLQNMDC-ZETCQYMHSA-N","1"
"C00993","No result","DEFJQIDDEAULHB-SYPWQXSBSA-N","1"
"C00037","HMDB0000123","DHMQDGOQFOQNFH-UHFFFAOYSA-N","1"
"C00041","HMDB0000161","QNAYBMKLOCPYGJ-REOHCLBHSA-N","1"
"C00183","HMDB0000883","KZSNJWFQEVHDMF-BYPYZUCNSA-N","1"
"C00123","HMDB0000687
HMDB0062203","ROHFNLRQFUQHCH-YFKPBYRVSA-N","1"
"C00407","HMDB0000172
HMDB0033923","AGPKZVBTJJNPAG-WHFBIAKZSA-N","1"
"C00049","HMDB0000191","CKLJMWTZIZZHCS-REOHCLBHSA-N","1"
"C00152","HMDB0000168","DCXYFEDJOCDNAF-REOHCLBHSA-N","1"
"C00025","HMDB0000148","WHUUTDBJXJRKMK-VKHMYHEASA-N","1"
"C00064","HMDB0000641","ZDXPYRJPNDTMRX-VKHMYHEASA-N","1"
"C00065","HMDB0000187
HMDB0062263","MTCFGRXMJLQNBG-REOHCLBHSA-N","1"
"C00188","HMDB0000167","AYFVYJQAPQTCCC-GBXIJSLDSA-N","1"
"C00073","HMDB0000696","FFEARJCKVFRZRR-BYPYZUCNSA-N","1"
"C00097","HMDB0000574","XUJNEKJLAYXESH-REOHCLBHSA-N","1"
"C00047","HMDB0000182","KDXKERNSBIXSRK-YFKPBYRVSA-N","1"
"C00062","HMDB0000517","ODKSFYDXXFIFQN-BYPYZUCNSA-N","1"
"C00135","HMDB0000177","HNDVDQJCIGZPNO-YFKPBYRVSA-N","1"
"C00148","HMDB0000162","ONIBWKKTOPOVIA-BYPYZUCNSA-N","1"
"C00079","HMDB0000159","COLNVLDHVKWLRT-QMMMGPOBSA-N","1"
"C00082","HMDB0000158","OUYCCCASQSFEME-QMMMGPOBSA-N","1"
"C00078","HMDB0000929","QIVBCDIJIAJPQS-VIFPVBQESA-N","1"
"C05688","HMDB0003288","ZKZBPNGNEQAJSX-REOHCLBHSA-N","1"
"C16138","No result","ZFOMKMMPBOQKMC-KXUCPTDWSA-N","1"
"C00077","HMDB0000214","AHLPHDHHMVZTML-BYPYZUCNSA-N","1"
"C00155","No result","FFFHZYDWPBMWHY-VKHMYHEASA-N","1"
"C00263","HMDB0000719","UKAUYVFTDYCKQA-VKHMYHEASA-N","1"
"C00327","HMDB0000904","RHGKLRLOHDJJDR-BYPYZUCNSA-N","1"
"C00606","HMDB0060179","ADVPTQAUNPRNPO-REOHCLBHSA-N","1"
"C03406","HMDB0000052","KDZOASGQNOPSCU-WDSKDSINSA-N","1"
"C00355","HMDB0000181","WTDRDQBEARUVNC-LURJTMIESA-N","1"
"C02515","HMDB0000021","UQTZMGFTRHFAAM-ZETCQYMHSA-N","1"
"C01060","HMDB0003474","NYPYHUZRZVSYKL-ZETCQYMHSA-N","1"
"C02465","HMDB0000265","AUYYCJSJGJYCDS-LBPRGKRZSA-N","1"
"C01829","HMDB0000248","XUIIKFGFIJCVMT-LBPRGKRZSA-N","1"
"C00099","HMDB0000056","UCMIRNVEIXFBKS-UHFFFAOYSA-N","1"
"C00334","HMDB0000112","BTCSSZJGUNDROE-UHFFFAOYSA-N","1"
"C05145","HMDB0003911","QCHPKSFMDHPSNR-UHFFFAOYSA-N","1"
"C00133","HMDB0001310","QNAYBMKLOCPYGJ-UWTATZPHSA-N","1"
"C06417","No result","KZSNJWFQEVHDMF-SCSAIBSYSA-N","1"
"C01570","HMDB0013773","ROHFNLRQFUQHCH-RXMQYKEDSA-N","1"
"C06418","No result","AGPKZVBTJJNPAG-RFZPGFLSSA-N","1"
"C00402","HMDB0006483","CKLJMWTZIZZHCS-UWTATZPHSA-N","1"
"C01905","HMDB0033780","DCXYFEDJOCDNAF-UWTATZPHSA-N","1"
"C00217","HMDB0003339","WHUUTDBJXJRKMK-GSVOUGTGSA-N","1"
"C00819","HMDB0003423","ZDXPYRJPNDTMRX-GSVOUGTGSA-N","1"
"C00740","HMDB0003406","MTCFGRXMJLQNBG-UWTATZPHSA-N","1"
"C00820","No result","AYFVYJQAPQTCCC-STHAYSLISA-N","1"
"C00855","No result","FFEARJCKVFRZRR-SCSAIBSYSA-N","1"
"C00793","HMDB0003417","XUJNEKJLAYXESH-UWTATZPHSA-N","1"
"C00739","HMDB0003405","KDXKERNSBIXSRK-RXMQYKEDSA-N","1"
"C00792","HMDB0003416","ODKSFYDXXFIFQN-SCSAIBSYSA-N","1"
"C06419","No result","HNDVDQJCIGZPNO-RXMQYKEDSA-N","1"
"C00763","HMDB0003411","ONIBWKKTOPOVIA-SCSAIBSYSA-N","1"
"C02265","No result","COLNVLDHVKWLRT-MRVPVSSYSA-N","1"
"C06420","No result","OUYCCCASQSFEME-MRVPVSSYSA-N","1"
"C00525","HMDB0013609","QIVBCDIJIAJPQS-SECBINFHSA-N","1"
"C01879","HMDB0000267","ODHCTXKNWHHXJC-VKHMYHEASA-N","1"
"C01157","HMDB0000725
HMDB0036576","PMMYEEVYMWASQN-DMTCNVIQSA-N","1"
"C01420","No result","LEVWYRKDKASIDU-UHFFFAOYSA-N","1"
"C03145","No result","PYUSHNKNPOHWEZ-YFKPBYRVSA-N","1"
"C00189","HMDB0000149","HZAXFHJVJLSVMW-UHFFFAOYSA-N","1"
"C01678","HMDB0002991","UFULAYFCSOUIOV-UHFFFAOYSA-N","1"
"C03194","No result","HXKKHQJGJAFBHI-GSVOUGTGSA-N","1"
"C00099","HMDB0000056","UCMIRNVEIXFBKS-UHFFFAOYSA-N","1"
"C00334","HMDB0000112","BTCSSZJGUNDROE-UHFFFAOYSA-N","1"
"C00134","HMDB0001414","KIDHWZJUCRJVML-UHFFFAOYSA-N","1"
"C00388","HMDB0000870
HMDB0060263","NTYJJOPFIAHURM-UHFFFAOYSA-N","1"
"C03758","HMDB0000073","VYFYYTLLBUKUHU-UHFFFAOYSA-N","1"
"C00780","HMDB0000259","QZAYGJVTTNCVMB-UHFFFAOYSA-N","1"
"C00483","HMDB0000306","DZGWFCGJZKJUFP-UHFFFAOYSA-N","1"
"C05332","HMDB0012275
HMDB0060276","BHHGXPLMPWCGHP-UHFFFAOYSA-N","1"
"C01137","HMDB0000988","ZUNBITIXDCPNSD-LSRJEVITSA-N","1"
"C00473","HMDB0000305","FPIPGXGPPPQFEQ-OVSJKPMPSA-N","1"
"C05441","HMDB0000900","MECHNRXZTMCUDQ-RKHKHRCZSA-N","1"
"C05443","No result","QYSXJUFSXHHAJI-YRZJJWOYSA-N","1"
"C02477","HMDB0001893","GVJHHUAWPYXKBD-IEOSBIPESA-N","1"
"C02059","HMDB0003555","MBWXNTAXLNYFJB-LKUDQCMESA-N","1"
"C00828","No result","PTWSIIUEOFZCHW-NTCAYCPXSA-N","1"
"C00378","HMDB0000235","JZRWCGZRTZMZEH-UHFFFAOYSA-N","1"
"C00255","HMDB0000244","AUNGANRZJHBGPY-SCRDCRAPSA-N","1"
"C00253","HMDB0001488","PVNIIMVLHYAWGP-UHFFFAOYSA-N","1"
"C00153","HMDB0001406","DFPAKSUCGFBDDF-UHFFFAOYSA-N","1"
"C00864","No result","GHOKWGTUZJEAQD-ZETCQYMHSA-N","1"
"C00250","HMDB0001545","RADKZDMFGJYCBB-UHFFFAOYSA-N","1"
"C00314","HMDB0000239","LXNHXLLTXMVWPM-UHFFFAOYSA-N","1"
"C00534","HMDB0001431","NHZMQXZHNVQTQA-UHFFFAOYSA-N","1"
"C00504","HMDB0000121","OVBPIULPVIDEAO-LBPRGKRZSA-N","1"
"C05776","No result","","0"
"C00072","No result","CIWBSHSKHKDKBQ-JLAZNSOCSA-N","1"
"C00068","HMDB0001372","AYEKOFBPNLCAJY-UHFFFAOYSA-O","1"
"C00016","HMDB0001248","VWWQXMAJTJZDQX-UYBVJOGSSA-N","1"
"C00061","HMDB0001520","FVTCRASFADXXNN-SCRDCRAPSA-N","1"
"C00003","HMDB0000902","BAWFJGJZGIEFAR-NNYOXOHSSA-O","1"
"C00006","HMDB0000217","XJLXINKUBYWONI-NNYOXOHSSA-O","1"
"C00010","No result","RGJOEKWQDUBAIZ-IBOSZNHHSA-N","1"
"C00018","HMDB0001491","NGVDGCNFYWLIFO-UHFFFAOYSA-N","1"
"C00101","No result","MSTNYGQPCMXVAQ-KIYNQFGBSA-N","1"
"C00194","No result","ZIHHMGTYZOSFRC-QRVZQHAISA-L","1"
"C00002","HMDB0000538","ZKHQWZAMYRWXGA-KQYNXXCUSA-N","1"
"C00063","HMDB0000082","PCDQPRRSZKQHHS-XVFCMESISA-N","1"
"C00019","No result","MEFKEPWMEQBLKI-AIRLBKTGSA-N","1"
"C00029","No result","HSCJRCZFDFQWRP-JZMIEXBBSA-N","1"
"C04628","No result","JBJSVEVEEGOEBZ-SCZZXKLOSA-N","1"
"C05777","No result","XLFIRMYGVLUNOY-SXMZNAGASA-M","1"
"C03576","HMDB0003745","ZNEWHQLOPFWXOF-UHFFFAOYSA-N","1"
"C11378","No result","ACTIUHUUMQJHFO-UPTCCGCDSA-N","1"
"C00051","HMDB0000125","RWSXRVCMGQZWBV-WDSKDSINSA-N","1"
"C00862","No result","CKRUWFDORAQSRC-HDLCADABSA-N","1"
"C00053","HMDB0001134","GACDQMDRPRGCTN-KQYNXXCUSA-N","1"
"C00272","HMDB0059658","FNKQXYHWGSIFBK-RPDRRWSUSA-N","1"
"C01217","HMDB0060403","SCBIBGUJSMHIAI-LHIIQLEZSA-N","1"
"C15670","No result","ZGGYGTCPXNDTRV-ONCSLILDSA-L","1"
"C00032","No result","KABFMIBPWCXCRK-RGGAHWMASA-L","1"
"C15672","HMDB0001162","FISPASSVCDRERW-KVGORYHISA-L","1"
"C00120","HMDB0000030","YBJHBAHKTGYVGT-ZKWXMUAHSA-N","1"
"C00725","No result","AGBQKNBQESQNJD-UHFFFAOYSA-N","1"
"C18237","No result","HDAJUGGARUFROU-JSUDGWJLSA-L","1"
"C00113","HMDB0013636","MMXZSJMASHPLLR-UHFFFAOYSA-N","1"
"C02537","HMDB0000429","VOXZDWNPVJITMN-SFFUCWETSA-N","1"
"C00951","HMDB0000151","VOXZDWNPVJITMN-ZBRFXRBCSA-N","1"
"C05141","HMDB0000153","PROQIPRRNZUXQM-ZXXIGWHRSA-N","1"
"C00468","HMDB0000145","DNXHEGUUPJUMQT-CBZIJGRNSA-N","1"
"C14392","No result","WKRLQDKEXYKHJB-HFTRVMKXSA-N","1"
"C14303","No result","PDRGHUMCVRDZLQ-WMZOPIPTSA-N","1"
"C05301","HMDB0000338","DILDHNKDVHLEQB-XSSYPUMDSA-N","1"
"C03935","No result","QZZRQURPSRWTLG-UXCAXZQLSA-N","1"
"C05302","HMDB0000405","CQOQDQWUFQDJMK-SSTWWWIQSA-N","1"
"C05285","HMDB0006772","RZRPTBIGEANTGU-IRIMSJTPSA-N","1"
"C00523","No result","QGXBDMJGAMFCBF-HLUDHZFRSA-N","1"
"C03772","HMDB0003769","RAJWOBJTTGJROA-QJISAEMRSA-N","1"
"C07632","HMDB0000495","CBMYJHIOYJEBSB-UNPXRYTGSA-N","1"
"C15638","No result","DJTOLSNIKJIDFF-PHFHYRSDSA-N","1"
"C04295","HMDB0003818","QADHLRWLCPCEKT-LOVVWNRFSA-N","1"
"C00280","HMDB0000053","AEMFNILZOJDQLW-QAGGRKNESA-N","1"
"C14210","HMDB0005849","BTTWKVFKBPAFDK-LOVVWNRFSA-N","1"
"C01227","No result","FMGSKLZLMKYGDP-USOAJAOKSA-N","1"
"C03917","HMDB0002961","NVKAWKQGWWIWPM-ABEVXSGRSA-N","1"
"C04373","HMDB0000490","QGXBDMJGAMFCBF-BNSUEQOYSA-N","1"
"C00535","HMDB0000234","MUMGGOZAMZWBJJ-DYKIIFRCSA-N","1"
"C01953","No result","ORNBQBCIOKFOEO-QGVNFLHTSA-N","1"
"C00410","HMDB0001830","RJKFOVLPORLFTN-LEKSSAKUSA-N","1"
"C01780","No result","PQSUYGKTWSAVDQ-ZVIOFETBSA-N","1"
"C03205","HMDB0000016","ZESRJSPZRDMNHY-YFWFAHHUSA-N","1"
"C02140","HMDB0001547","OMFXVFTZEKFJBZ-HJTSIMOOSA-N","1"
"C00735","No result","JYGXADMDTFJGBT-VWUMJDOOSA-N","1"
"C00762","HMDB0002802","MFYSYFVPBJMHGN-ZPOLXVRWSA-N","1"
"C08859","No result","XQCGNURMLWFQJR-ZNDDOCHDSA-N","1"
"C08866","No result","LKRDZKPBAOKJBT-CNPIRKNPSA-N","1"
"C08876","No result","VPUNMTHWNSJUOG-BAOINKAISA-N","1"
"C06955","HMDB0015468","WDJUZGPOPHTGOT-XUDUSOBPSA-N","1"
"C06956","No result","LTMHDMANZUZIPE-PUGKRICDSA-N","1"
"C01443","HMDB0015224","LPMXVESGRSUGHW-HBYQJFLCSA-N","1"
"C00695","HMDB0000619","BHQCQFFYRZLCQQ-OELDTZBJSA-N","1"
"C02528","HMDB0000518","RUDATBOHQWOJDD-BSWAIDMHSA-N","1"
"C04483","HMDB0000626","KXGVEGMKQFWNSR-LLQZFEROSA-N","1"
"C03990","No result","SMEROWZSTRWXGI-HVATVPOCSA-N","1"
"C07880","No result","RUDATBOHQWOJDD-UZVSRGJWSA-N","1"
"C01921","No result","RFDAIACWWDREDC-FRVQLJSFSA-N","1"
"C05122","No result","FZLMIZAHBFKTSH-IECFWMJSSA-N","1"
"C15517","No result","DGABKXLVXPYZII-SIBKNCMHSA-N","1"
"C15515","HMDB0000811","DGABKXLVXPYZII-PLYQRAMGSA-N","1"
"C03070","No result","KIQFUORWRVZTHT-HSYHYESFSA-N","1"
"C08868","No result","DCSLTSSPIJWEJN-YRFFWODSSA-N","1"
"C17058","No result","ATLJNLYIJOCWJE-NEKURZDCSA-N","1"
"C16922","No result","QEEBRPGZBVVINN-BMPKRDENSA-N","1"
"C16923","No result","VOZHMAYHYHEWBW-NVOOAVKYSA-N","1"
"C16931","No result","SCULJPGYOQQXTK-OLRINKBESA-N","1"
"C16932","No result","KBKUJJFDSHBPPA-JTZFMNKUSA-N","1"
"C16962","No result","FMTLOAVOGWSPEF-KJRPADTMSA-N","1"
"C16969","No result","TVKPTWJPKVSGJB-XHCIOXAKSA-N","1"
"C17072","No result","PBSOJKPTQWWJJD-ZBDZJSKLSA-N","1"
"C12816","No result","MYEJFUXQJGHEQK-ALRJYLEOSA-N","1"
"C19643","No result","OVUOVMIMOCJILI-XFPCGWMYSA-N","1"
"C08880","No result","LSMIOFMZNVEEBR-ICLSSMQGSA-N","1"
"C15337","No result","UIMGHSAOLFTOBF-DPAQBDIFSA-N","1"
"C00187","No result","HVYWMOMLDIMFJA-DPAQBDIFSA-N","1"
"C01164","HMDB0000032","UCTLRSWJYQTBFZ-DDPQNLDTSA-N","1"
"C01802","HMDB0002719","AVSXSVCZWQODGV-DPAQBDIFSA-N","1"
"C00477","No result","UPEZCKBFRMILAV-JMZLNJERSA-N","1"
"C08896","No result","COVOPPXLDJVUSC-JPYPKGSXSA-N","1"
"C08898","No result","WQLVFSAGQJTQCK-VKROHFNGSA-N","1"
"C08899","No result","FWCXELAAYFYCSR-RYKNUXCGSA-N","1"
"C03963","HMDB0030024","GMBQZIIUCVWOCD-WWASVFFGSA-N","1"
"C08913","HMDB0030048","GMBQZIIUCVWOCD-UQHLGXRBSA-N","1"
"C08914","No result","GMBQZIIUCVWOCD-MFRNJXNGSA-N","1"
"C04715","No result","NELZMZLNTYWIPD-MLBSDYKWSA-N","1"
"C19648","No result","IQDKIMJGXXRZGR-MEBFULDVSA-N","1"
"C19649","No result","IQDKIMJGXXRZGR-WZEVQZNYSA-N","1"
"C19650","No result","IQDKIMJGXXRZGR-HUEIYZRMSA-N","1"
"C19651","No result","ARYTXMNEANMLMU-OZEQXKMUSA-N","1"
"C19652","No result","AWYDNKRGSOPYQB-ZHYOCZQLSA-N","1"
"C01694","No result","DNVPQKQSNYMLRS-APGDWVJJSA-N","1"
"C19653","No result","DNVPQKQSNYMLRS-YAPGYIAOSA-N","1"
"C08814","No result","IXVMHGVQKLDRKH-KNBKMWSGSA-N","1"
"C15787","No result","ARYTXMNEANMLMU-QAVKNOIRSA-N","1"
"C01789","No result","SGNBVLSWZMBQTH-PODYLUTMSA-N","1"
"C08817","No result","OSELKOCHBMDKEJ-JUGJNGJRSA-N","1"
"C19644","No result","LGJMUZUPVCAVPU-HRJGVYIJSA-N","1"
"C05442","HMDB0000937","HCXVJBMSMIARIN-PHZDYDNGSA-N","1"
"C08836","No result","HCXVJBMSMIARIN-KEJCWXRGSA-N","1"
"C19654","HMDB0000649","KZJWDPNRJALLNS-FBZNIEFRSA-N","1"
"C19657","No result","BCSYINLZVJHZSJ-QZLDXEKESA-N","1"
"C19655","No result","YRPMZHRSQIFCLR-PVNJCSFGSA-N","1"
"C19656","No result","WIHVWOTVUSDCRF-LYBIKMEUSA-N","1"
"C16086","No result","","0"
"C16087","No result","","0"
"C03958","HMDB0005763
HMDB0060080","XNSAINXGIQZQOO-SRVKXCTJSA-N","1"
"C07607","HMDB0014782","XLXSAKCOAKORKW-UHFFFAOYSA-N","1"
"C16084","No result","","0"
"C16085","No result","","0"
"C16022","No result","","0"
"C16021","No result","","0"
"C16079","No result","","0"
"C16115","No result","","0"
"C16030","No result","","0"
"C00746","No result","XNOPRXBHLZRZKH-DSZYJQQASA-N","1"
"C13662","No result","KBZOIRJILGZLEJ-UHFFFAOYSA-N","1"
"C02758","No result","","0"
"C16136","No result","","0"
"C16137","No result","","0"
"C02017","No result","","0"
"C18181","No result","","0"
"C18201","No result","","0"
"C18182","No result","","0"
"C18183","No result","","0"
"C18184","No result","","0"
"C02210","No result","","0"
"C11684","No result","YFGBQHOOROIVKG-FKBYEOEOSA-N","1"
"C16041","No result","","0"
"C01574","No result","","0"
"C16135","No result","","0"
"C18185","No result","","0"
"C06865","No result","BBBFJLBPOGFECG-UHFFFAOYSA-N","1"
"C16051","No result","","0"
"C16003","No result","","0"
"C16004","No result","","0"
"C16005","No result","","0"
"C16010","No result","","0"
"C16012","No result","","0"
"C16013","No result","","0"
"C01501","No result","","0"
"C00723","No result","","0"
"C16130","No result","","0"
"C16118","No result","","0"
"C18186","No result","","0"
"C16113","No result","","0"
"C18187","No result","","0"
"C16025","No result","","0"
"C16114","No result","","0"
"C16133","No result","","0"
"C15906","No result","","0"
"C16048","No result","","0"
"C16047","No result","","0"
"C13523","No result","ANGOYYXZZUIXIX-UHFFFAOYSA-N","1"
"C16065","No result","","0"
"C16066","No result","","0"
"C16067","No result","","0"
"C16131","No result","","0"
"C16132","No result","","0"
"C18200","No result","","0"
"C00873","HMDB0061196","ORWYRWWVDCYOMK-HBZPZAIKSA-N","1"
"C02135","HMDB0001035","CZGUSIXMZVURDU-JZXHSEFVSA-N","1"
"C15848","No result","","0"
"C15849","No result","","0"
"C00306","HMDB0004246","QXZGBUJJYSLZLT-FDISYFBBSA-N","1"
"C18188","No result","","0"
"C18189","No result","","0"
"C18190","No result","","0"
"C00280","HMDB0000053","AEMFNILZOJDQLW-QAGGRKNESA-N","1"
"C05291","No result","RNCGWYKXAJCOLD-LYPURALISA-N","1"
"C00535","HMDB0000234","MUMGGOZAMZWBJJ-DYKIIFRCSA-N","1"
"C01227","No result","FMGSKLZLMKYGDP-USOAJAOKSA-N","1"
"C03917","HMDB0002961","NVKAWKQGWWIWPM-ABEVXSGRSA-N","1"
"C04555","HMDB0001032","CZWCKYRVOZZJNM-USOAJAOKSA-N","1"
"C05294","HMDB0060089","YLTCTXBDDHSLCS-KOUJMVCDSA-N","1"
"C00468","HMDB0000145","DNXHEGUUPJUMQT-CBZIJGRNSA-N","1"
"C00951","HMDB0000151","VOXZDWNPVJITMN-ZBRFXRBCSA-N","1"
"C05141","HMDB0000153","PROQIPRRNZUXQM-ZXXIGWHRSA-N","1"
"C22548","No result","","0"
"C02538","HMDB0001425","JKKFKPJIXZFSSB-CBZIJGRNSA-N","1"
"C05300","HMDB0000335","WPOCIZJTELRQMF-QFXBJFAPSA-N","1"
"C00410","HMDB0001830","RJKFOVLPORLFTN-LEKSSAKUSA-N","1"
"C01176","HMDB0000374","DBPWSSGDRRHUNT-CEGNMAFCSA-N","1"
"C01953","No result","ORNBQBCIOKFOEO-QGVNFLHTSA-N","1"
"C05138","No result","JERGUCIJOXJXHF-BZXJGPHVSA-N","1"
"C00735","No result","JYGXADMDTFJGBT-VWUMJDOOSA-N","1"
"C00762","HMDB0002802","MFYSYFVPBJMHGN-ZPOLXVRWSA-N","1"
"C05488","No result","WHBHBVVOGNECLV-OBQKJFGGSA-N","1"
"C05470","No result","SYGWGHVTLUBCEM-ZIZPXRJBSA-N","1"
"C05497","No result","LCZBQMKVFQNSJR-AVOSZYNGSA-N","1"
"C01124","HMDB0000319","HFSXHZZDNDGLQN-ZVIOFETBSA-N","1"
"C01780","No result","PQSUYGKTWSAVDQ-ZVIOFETBSA-N","1"
"C02140","HMDB0001547","OMFXVFTZEKFJBZ-HJTSIMOOSA-N","1"
"C03205","HMDB0000016","ZESRJSPZRDMNHY-YFWFAHHUSA-N","1"
"C05490","No result","FUFLCEKSBBHCMO-UHFFFAOYSA-N","1"
"C01673","HMDB0001903","GMRQFYUYWCNGIN-NKMMMXOESA-N","1"
"C00477","No result","UPEZCKBFRMILAV-JMZLNJERSA-N","1"
"C01598","HMDB0001389","DRLFMBDRBRZALE-UHFFFAOYSA-N","1"
"C01829","HMDB0000248","XUIIKFGFIJCVMT-LBPRGKRZSA-N","1"
"C02465","HMDB0000265","AUYYCJSJGJYCDS-LBPRGKRZSA-N","1"
"C00788","HMDB0000068","UCTWMZQNUQWSLP-VIFPVBQESA-N","1"
"C00547","HMDB0000216
HMDB0037685","SFLSHLFXELFNJZ-QMMMGPOBSA-N","1"
"C03758","HMDB0000073","VYFYYTLLBUKUHU-UHFFFAOYSA-N","1"
"C00388","HMDB0000870
HMDB0060263","NTYJJOPFIAHURM-UHFFFAOYSA-N","1"
"C01996","HMDB0000895","OIPILFWXSMYKGL-UHFFFAOYSA-N","1"
"C00037","HMDB0000123","DHMQDGOQFOQNFH-UHFFFAOYSA-N","1"
"C00049","HMDB0000191","CKLJMWTZIZZHCS-REOHCLBHSA-N","1"
"C00025","HMDB0000148","WHUUTDBJXJRKMK-VKHMYHEASA-N","1"
"C00334","HMDB0000112","BTCSSZJGUNDROE-UHFFFAOYSA-N","1"
"C00355","HMDB0000181","WTDRDQBEARUVNC-LURJTMIESA-N","1"
"C01829","HMDB0000248","XUIIKFGFIJCVMT-LBPRGKRZSA-N","1"
"C03758","HMDB0000073","VYFYYTLLBUKUHU-UHFFFAOYSA-N","1"
"C00788","HMDB0000068","UCTWMZQNUQWSLP-VIFPVBQESA-N","1"
"C00547","HMDB0000216
HMDB0037685","SFLSHLFXELFNJZ-QMMMGPOBSA-N","1"
"C00780","HMDB0000259","QZAYGJVTTNCVMB-UHFFFAOYSA-N","1"
"C00388","HMDB0000870
HMDB0060263","NTYJJOPFIAHURM-UHFFFAOYSA-N","1"
"C05551","HMDB0015186","JGSARLDLIJGVTE-MBNYWOFBSA-N","1"
"C06574","HMDB0014559","AVKUERGKIZMTKX-NJBDSQKTSA-N","1"
"C00916","HMDB0060450","HOKIDJSKDBPKTQ-GLXFQSAKSA-N","1"
"C06566","No result","LXWBXEWUSAABOA-VXSYNFHWSA-N","1"
"C06880","HMDB0015422","MLYYVTUWGNIJIB-BXKDBHETSA-N","1"
"C06683","HMDB0015343","VAAUVRVFOQPIGI-SPQHTLEESA-N","1"
"C06662","HMDB0014904","HZZVJAQRINQKSD-PBFISZAISA-N","1"
"C06664","No result","WKDDRNSBRWANNC-ATRFCDNQSA-N","1"
"C06665","HMDB0015536","ZSKVGTPCRGIANV-ZXFLCMHBSA-N","1"
"C01941","No result","CTNZOGJNVIFEBA-UPSUJEDGSA-N","1"
"C06840","HMDB0014499","WZPBZJONDBGPKJ-VEHQQRBSSA-N","1"
"C00413","HMDB0015214","UCSJYZPVAKXKNQ-HZYVHMACSA-N","1"
"C02078","HMDB0015055","UNFWWIHTNXNPBV-WXKVUWSESA-N","1"
"C00304","No result","OVRAJPVCMXSZJC-RYRWEOBNSA-N","1"
"C01918","No result","VEGXETMJINRLTH-BOZYPMBZSA-N","1"
"C01737","HMDB0015129","PGBHMTALBVVCIT-VCIWKGPPSA-N","1"
"C17585","No result","XEQLFNPSYWZPOW-SVRMBHBBSA-N","1"
"C01912","No result","ULGZDMOVFRHVEP-RWJQBGPGSA-N","1"
"C01946","No result","RZPAKFUAFGMUPI-QESOVKLGSA-N","1"
"C01457","No result","WBPYTXDJUQJLPQ-VMXQISHHSA-N","1"
"C06690","No result","YKSVGLFNJPQDJE-NINSUVFSSA-N","1"
"C11222","No result","QTQAWLPCGQOSGP-KSRBKZBZSA-N","1"
"C12247","No result","PHKOJKSYBBXXED-OCENJLCRSA-N","1"
"C06688","No result","JQXXHWHPUNPDRT-WLSIYKJHSA-N","1"
"C06570","HMDB0014897","OFVLGDICTFRJMM-WESIUVDSSA-N","1"
"C06571","No result","CYDMQBQPVICBEU-XRNKAMNCSA-N","1"
"C01661","HMDB0015132","AOJJSUZBOXZQNB-TZSSRYMLSA-N","1"
"C06691","No result","VTIKDEXOEJDMJP-WYUUTHIRSA-N","1"
"C06764","No result","NKNPHSJWQZXWIX-DCVDGXQQSA-N","1"
"C06693","No result","GAOZTHIDHYLHMS-KEOBGNEYSA-N","1"
"C06686","HMDB0014544","DDUHZTYCFQRHIY-RBHXEPJQSA-N","1"
"C06689","No result","MYPYJXKWCTUITO-FJCYQOGASA-N","1"
"C12046","No result","GHOXVFYORXUCPY-PKMGYIMSSA-N","1"
"C01895","No result","NBLHOLNNKJBEDC-XOGQCRKLSA-N","1"
"C15482","HMDB0014764","CLKOFPXJLQSYAH-ABRJDSQDSA-N","1"
"C06684","No result","FCFNRCROJUBPLU-UYBNATROSA-N","1"
"C11612","No result","","0"
"C06770","No result","RJURFGZVJUQBHK-UHFFFAOYSA-N","1"
"C05079","HMDB0014917","MHWLWQUZZRMNGJ-UHFFFAOYSA-N","1"
"C06687","HMDB0015192","OGJPXUAPXNRGGI-UHFFFAOYSA-N","1"
"C06763","No result","BGMYHTUCJVZIRP-GASJEMHNSA-N","1"
"C06765","No result","PERZMHJGZKHNGU-JGYWJTCASA-N","1"
"C06682","No result","DYDCUQKUCUHJBH-UHFFFAOYSA-N","1"
"C06692","No result","YFZNSPMAOIVQRP-KHZLDBTCSA-N","1"
"C06685","No result","YPHMISFOHDHNIV-FSZOTQKASA-N","1"
"C06694","HMDB0015570","IECPWNUMDGFDKC-MZJAQBGESA-N","1"
"C00918","HMDB0014589","WIIZWVCIJKGZOK-RKDXNWHRSA-N","1"
"C05080","HMDB0015185","YJQPYGGHQPGBLI-KGSXXDOSSA-N","1"
"C06454","HMDB0014966","YMDXZJFXQJVXBF-STHAYSLISA-N","1"
"C06681","HMDB0014450","NWIBSHFKIJFRCO-WUDYKRTCSA-N","1"
"C06695","No result","IZXIZTKNFFYFOF-UHFFFAOYSA-N","1"